Name,Draft Year,Pick Number,POS,Predicted Score,Actual Tier,Position Group
Kyrie Irving,2011,1,"PG,SG",5.116,7,Guard
Derrick Williams,2011,2,"PF,SF",4.156,0.5,Wing
Tristan Thompson,2011,4,"C,PF",3.718,3,Big
Brandon Knight,2011,8,"PG,SG",2.012,4.5,Guard
Kemba Walker,2011,9,PG,2.39,6,Guard
Jimmer Fredette,2011,10,"SG,PG",3.542,0.5,Guard
Klay Thompson,2011,11,"SG,SF",2.489,7,Wing
Alec Burks,2011,12,"SG,SF",3.257,3,Wing
Markieff Morris,2011,13,"SF,PF",1.895,3,Wing
Marcus Morris,2011,14,"PF,SF",2.212,3,Wing
Kawhi Leonard,2011,15,SF,3.127,7,Wing
Nikola VuÄeviÄ,2011,16,C,1.125,7,Big
Iman Shumpert,2011,17,"PG,SG,SF",1.797,3,Wing
Chris Singleton,2011,18,"SF,PF",0.68,0.5,Wing
Tobias Harris,2011,19,"PF,SF",3.855,6,Wing
Nolan Smith,2011,21,PG,0.526,0,Guard
Kenneth Faried,2011,22,"PF,C",2.201,3,Big
Reggie Jackson,2011,24,"PG,SG",3.017,3,Guard
MarShon Brooks,2011,25,SG,2.481,0.5,Guard
Jordan Hamilton,2011,26,SF,1.88,0.5,Wing
JaJuan Johnson,2011,27,"SF,PF",1.434,0,Wing
Norris Cole,2011,28,PG,0.675,0.5,Guard
Cory Joseph,2011,29,"PG,SG",2.706,3,Guard
Jimmy Butler,2011,30,"SG,SF,PF",1.513,7,Wing
Justin Harper,2011,32,"SF,PF",1.433,0.5,Wing
Kyle Singler,2011,33,SF,0.873,3,Wing
Shelvin Mack,2011,34,"PG,SG",1.699,0.5,Guard
Tyler Honeycutt,2011,35,SF,1.978,0,Wing
Jordan Williams,2011,36,C,2.063,0,Big
Trey Thompkins,2011,37,C,1.819,0,Big
Chandler Parsons,2011,38,"SF,PF",1.302,4.5,Wing
Jon Leuer,2011,40,"PF,C",0.595,0.5,Big
Darius Morris,2011,41,PG,2.057,0.5,Guard
Malcolm Lee,2011,43,SG,1.226,0.5,Guard
Charles Jenkins,2011,44,"PG,SG",1.965,0,Guard
Josh Harrellson,2011,45,"C,PF",1.537,0.5,Big
Andrew Goudelock,2011,46,"SG,PG",0.869,0.5,Guard
Travis Leslie,2011,47,SG,1.323,0,Guard
Keith Benson,2011,48,C,0.822,0,Big
Josh Selby,2011,49,PG,2.719,0,Guard
Lavoy Allen,2011,50,"PF,C",1.354,0.5,Big
Jon Diebler,2011,51,SG,1.994,0,Guard
Vernon Macklin,2011,52,C,0.484,0,Big
DeAndre Liggins,2011,53,"SG,SF",2.461,0.5,Wing
E'Twaun Moore,2011,55,"SG,PG",0.534,3,Guard
Ater Majok,2011,58,"PF,C",0.991,0,Big
Isaiah Thomas,2011,60,"PG,SG",0.458,6,Guard
Anthony Davis,2012,1,"C,PF",4.746,7,Big
Michael Kidd-Gilchrist,2012,2,"SF,PF",3.273,3,Wing
Bradley Beal,2012,3,SG,3.295,6,Guard
Dion Waiters,2012,4,SG,2.271,3,Guard
Thomas Robinson,2012,5,"SF,PF",1.859,0.5,Wing
Damian Lillard,2012,6,PG,1.894,7,Guard
Harrison Barnes,2012,7,"PF,SF",2.484,6,Wing
Terrence Ross,2012,8,"SG,SF",0.652,3,Wing
Andre Drummond,2012,9,C,2.332,7,Big
Austin Rivers,2012,10,"SG,PG",1.964,3,Guard
Meyers Leonard,2012,11,"C,PF",2.674,3,Big
Jeremy Lamb,2012,12,"SG,SF",2.689,3,Wing
Kendall Marshall,2012,13,PG,1.367,0.5,Guard
John Henson,2012,14,"C,PF",1.483,3,Big
Maurice Harkless,2012,15,"SF,PF",2.071,3,Wing
Royce White,2012,16,"SF,PF",1.762,0,Wing
Tyler Zeller,2012,17,C,1.738,3,Big
Terrence Jones,2012,18,"SF,PF",2.199,3,Wing
Andrew Nicholson,2012,19,"SF,PF",1.025,0.5,Wing
Jared Sullinger,2012,21,"SF,PF",1.783,3,Wing
Fab Melo,2012,22,C,0.994,0,Big
John Jenkins,2012,23,SG,3.214,0.5,Guard
Jared Cunningham,2012,24,SG,1.667,0.5,Guard
Tony Wroten,2012,25,"PG,SG",2.5,0.5,Guard
Miles Plumlee,2012,26,C,0.561,3,Big
Arnett Moultrie,2012,27,"SF,PF",0.629,0,Wing
Perry Jones,2012,28,"SF,PF",1.032,0.5,Wing
Marquis Teague,2012,29,"SG,PG",2.888,0.5,Guard
Festus Ezeli,2012,30,C,0.542,0.5,Big
Jeff Taylor,2012,31,SF,1.317,0.5,Wing
Bernard James,2012,33,C,1.294,0.5,Big
Jae Crowder,2012,34,"SF,PF",1.729,3,Wing
Draymond Green,2012,35,"PF,SF",1.592,7,Wing
Orlando Johnson,2012,36,SG,0.68,0.5,Guard
Quincy Acy,2012,37,"PF,SF",1.113,0.5,Wing
Quincy Miller,2012,38,"SF,PF",2.819,0.5,Wing
Khris Middleton,2012,39,"SF,SG",1.011,6,Wing
Will Barton,2012,40,"SG,SF",1.603,3,Wing
Tyshawn Taylor,2012,41,PG,1.073,0,Guard
Doron Lamb,2012,42,SG,2.045,0,Guard
Mike Scott,2012,43,"SF,PF",0.56,3,Wing
Kim English,2012,44,SG,1.679,0,Guard
Justin Hamilton,2012,45,C,0.855,0.5,Big
Darius Miller,2012,46,SF,2.504,0.5,Wing
Kevin Murphy,2012,47,SG,0.756,0,Guard
Kyle O'Quinn,2012,49,"C,PF",1.188,0.5,Big
Kris Joseph,2012,51,SF,2.246,0,Wing
Darius Johnson-Odom,2012,55,SG,1.159,0,Guard
Robbie Hummel,2012,58,SF,1.42,0,Wing
Marcus Denmon,2012,59,SG,1.402,0,Guard
Robert Sacre,2012,60,C,0.363,0.5,Big
Anthony Bennett,2013,1,"SF,PF",1.219,0.5,Wing
Victor Oladipo,2013,2,"SG,PG",2.743,6,Guard
Otto Porter Jr.,2013,3,"SF,PF",4.158,3,Wing
Cody Zeller,2013,4,C,2.55,3,Big
Alex Len,2013,5,C,2.146,3,Big
Nerlens Noel,2013,6,"C,PF",5.035,3,Big
Ben McLemore,2013,7,"SG,SF",2.559,3,Wing
Kentavious Caldwell-Pope,2013,8,SG,3.013,4.5,Guard
Trey Burke,2013,9,PG,3.431,3,Guard
CJ McCollum,2013,10,"SG,PG",2.77,6,Guard
Michael Carter-Williams,2013,11,"PG,SG",1.421,3,Guard
Steven Adams,2013,12,C,2,4.5,Big
Kelly Olynyk,2013,13,"C,PF",1.482,3,Big
Shabazz Muhammad,2013,14,"SF,SG",2.76,0.5,Wing
Shane Larkin,2013,18,PG,1.968,0.5,Guard
Tony Snell,2013,20,"SG,SF",1.985,3,Wing
Gorgui Dieng,2013,21,"C,PF",1.757,3,Big
Mason Plumlee,2013,22,C,2.341,3,Big
Solomon Hill,2013,23,"SF,PF",1.724,0.5,Wing
Tim Hardaway Jr.,2013,24,"SG,SF",2.047,3,Wing
Reggie Bullock,2013,25,"SF,SG",1.514,3,Wing
Andre Roberson,2013,26,"SG,SF",0.508,3,Wing
Archie Goodwin,2013,29,"SG,PG",2.103,0.5,Guard
Allen Crabbe,2013,31,"SG,SF",1.649,3,Wing
Carrick Felix,2013,33,SG,0.413,0,Guard
Isaiah Canaan,2013,34,"PG,SG",0.675,0.5,Guard
Glen Rice Jr.,2013,35,SG,1.027,0,Guard
Ray McCallum,2013,36,PG,0.625,0.5,Guard
Tony Mitchell,2013,37,"SF,PF",1.261,0,Wing
Nate Wolters,2013,38,PG,1.429,0.5,Guard
Jeff Withey,2013,39,C,2.37,0.5,Big
Grant Jerrett,2013,40,"SF,PF",2.798,0,Wing
Jamaal Franklin,2013,41,SG,1.553,0,Guard
Pierre Jackson,2013,42,PG,1.261,0,Guard
Mike Muscala,2013,44,"C,PF",2.076,3,Big
Erick Green,2013,46,PG,3.815,0,Guard
Ryan Kelly,2013,48,"SF,PF",1.42,0.5,Wing
Erik Murphy,2013,49,C,1.615,0,Big
James Ennis III,2013,50,"SF,SG",0.591,3,Wing
Romero Osby,2013,51,SF,0.676,0,Wing
Lorenzo Brown,2013,52,PG,1.728,0.5,Guard
Colton Iverson,2013,53,C,0.652,0,Big
Arsalan Kazemi,2013,54,"SF,PF",1.764,0,Wing
Peyton Siva,2013,56,SG,1.37,0,Guard
Alex Oriakhi,2013,57,C,1.717,0,Big
Deshaun Thomas,2013,58,"SF,PF",2.275,0,Wing
Andrew Wiggins,2014,1,"SF,PF",4.389,6,Wing
Jabari Parker,2014,2,"SF,PF",4.722,3,Wing
Joel Embiid,2014,3,C,1.699,7,Big
Aaron Gordon,2014,4,"PF,SF",3.348,4.5,Wing
Marcus Smart,2014,6,"PG,SG",3.509,4.5,Guard
Julius Randle,2014,7,"SF,PF",3.054,6,Wing
Nik Stauskas,2014,8,SG,2.251,0.5,Guard
Noah Vonleh,2014,9,"PF,C",2.922,3,Big
Elfrid Payton,2014,10,PG,2.826,4.5,Guard
Doug McDermott,2014,11,"SF,PF",2.153,3,Wing
Zach LaVine,2014,13,"PG,SG,SF",1.977,6,Wing
T.J. Warren,2014,14,"SF,PF",1.836,3,Wing
Adreian Payne,2014,15,"SF,PF",0.546,0.5,Wing
James Young,2014,17,SG,1.953,0.5,Guard
Tyler Ennis,2014,18,PG,4.052,0.5,Guard
Gary Harris,2014,19,SG,3.812,4.5,Guard
Mitch McGary,2014,21,"SF,PF",1.331,0,Wing
Jordan Adams,2014,22,SF,4.044,0,Wing
Rodney Hood,2014,23,"SG,SF,PF",2.059,3,Wing
Shabazz Napier,2014,24,PG,0.743,0.5,Guard
P.J. Hairston,2014,26,"SF,SG",2.553,0,Wing
C.J. Wilcox,2014,28,SG,0.501,0.5,Guard
Josh Huestis,2014,29,"SF,PF",1.08,0.5,Wing
Kyle Anderson,2014,30,"SF,PF",1.71,3,Wing
K.J. McDaniels,2014,32,"SF,SG",1.855,0.5,Wing
Joe Harris,2014,33,"SG,SF",1.616,3,Wing
Cleanthony Early,2014,34,SF,2.159,0,Wing
Jarnell Stokes,2014,35,"C,PF",3.396,0.5,Big
Johnny O'Bryant,2014,36,"SF,PF",1.301,0.5,Wing
DeAndre Daniels,2014,37,"SF,PF",0.945,0,Wing
Spencer Dinwiddie,2014,38,"PG,SG",1.136,3,Guard
Jerami Grant,2014,39,"PF,SF",1.399,3,Wing
Glenn Robinson III,2014,40,"SF,SG",1.229,3,Wing
Nick Johnson,2014,42,SG,0.954,0,Guard
Markel Brown,2014,44,SG,0.605,0.5,Guard
Dwight Powell,2014,45,"C,PF",0.914,3,Big
Jordan Clarkson,2014,46,"SG,PG",0.418,3,Guard
Russ Smith,2014,47,PG,0.812,0,Guard
Lamar Patterson,2014,48,SG,1.121,0,Guard
Cameron Bairstow,2014,49,"C,PF",1.29,0,Big
Alec Brown,2014,50,"PF,C",0.949,0,Big
Semaj Christon,2014,55,PG,0.744,0,Guard
Devyn Marble,2014,56,SG,1.169,0,Guard
Jordan McRae,2014,58,"SG,PG",0.428,0.5,Guard
Xavier Thames,2014,59,"PG,SG",1.087,0,Guard
Cory Jefferson,2014,60,"SF,PF",0.399,0,Wing
Karl-Anthony Towns,2015,1,"C,PF",4.085,7,Big
D'Angelo Russell,2015,2,PG,4.934,6,Guard
Jahlil Okafor,2015,3,C,3.901,3,Big
Willie Cauley-Stein,2015,6,C,2.5,3,Big
Stanley Johnson,2015,8,"SF,PF",4.058,0.5,Wing
Frank Kaminsky,2015,9,"C,PF",2.25,3,Big
Justise Winslow,2015,10,"SF,PF,SG",3.43,3,Wing
Myles Turner,2015,11,C,2.112,4.5,Big
Trey Lyles,2015,12,"SF,PF",3.243,3,Wing
Devin Booker,2015,13,"SG,PG",3.994,7,Guard
Cameron Payne,2015,14,"PG,SG",1.11,3,Guard
Kelly Oubre Jr.,2015,15,SF,3.465,3,Wing
Terry Rozier,2015,16,"PG,SG",0.864,3,Guard
Rashad Vaughn,2015,17,SG,2.758,0.5,Guard
Sam Dekker,2015,18,"SF,PF",2.65,0.5,Wing
Jerian Grant,2015,19,"PG,SG",0.801,0.5,Guard
Delon Wright,2015,20,"PG,SG",1.315,0.5,Guard
Justin Anderson,2015,21,"SF,SG",2.973,0.5,Wing
Bobby Portis,2015,22,"PF,C",1.586,3,Big
Rondae Hollis-Jefferson,2015,23,"SF,PF",1.939,3,Wing
Tyus Jones,2015,24,PG,4.841,3,Guard
Jarell Martin,2015,25,"SF,PF",0.389,0.5,Wing
Larry Nance Jr.,2015,27,"PF,C",2.426,3,Big
R.J. Hunter,2015,28,SG,0.994,0.5,Guard
Chris McCullough,2015,29,"SF,PF",1.162,0.5,Wing
Kevon Looney,2015,30,"C,PF",2.817,3,Big
Montrezl Harrell,2015,32,"C,PF",2.599,3,Big
Jordan Mickey,2015,33,"SF,PF",0.478,0.5,Wing
Anthony Brown,2015,34,SF,1.035,0.5,Wing
Rakeem Christmas,2015,36,"SF,PF",0.677,0,Wing
Richaun Holmes,2015,37,"C,PF",1.011,3,Big
Darrun Hilliard,2015,38,SG,0.88,0.5,Guard
Josh Richardson,2015,40,"SG,SF",2.372,3,Wing
Pat Connaughton,2015,41,"SG,SF",1.295,3,Wing
Olivier Hanlan,2015,42,"SG,PG",0.604,0,Guard
Joe Young,2015,43,PG,0.959,0.5,Guard
Andrew Harrison,2015,44,PG,0.985,0.5,Guard
Marcus Thornton,2015,45,"SG,SF",2.162,0,Wing
Norman Powell,2015,46,"SG,SF",1.118,4.5,Wing
Dakari Johnson,2015,48,C,2.675,0,Big
Aaron White,2015,49,"SF,PF",1.448,0,Wing
Tyler Harvey,2015,51,"PG,SG",1.882,0,Guard
Sir'Dominic Pointer,2015,53,"SG,SF",1.568,0,Wing
Cady Lalanne,2015,55,C,0.561,0,Big
Branden Dawson,2015,56,"SF,PF",0.648,0,Wing
J.P. Tokoto,2015,58,"SF,PF",2.598,0,Wing
Ben Simmons,2016,1,PG,4.392,6,Guard
Brandon Ingram,2016,2,"SF,PF",4.065,6,Wing
Jaylen Brown,2016,3,"SF,SG",3.091,7,Wing
Kris Dunn,2016,5,PG,0.922,3,Guard
Buddy Hield,2016,6,"SG,SF",2.709,4.5,Wing
Jamal Murray,2016,7,"PG,SG",4.504,6,Guard
Marquese Chriss,2016,8,"SF,PF",2.406,3,Wing
Jakob Poeltl,2016,9,C,1.969,3,Big
Domantas Sabonis,2016,11,"C,PF",2.64,7,Big
Taurean Prince,2016,12,"PF,SF",0.983,3,Wing
Denzel Valentine,2016,14,"SG,SF",3.132,0.5,Wing
Wade Baldwin,2016,17,PG,2.346,0.5,Guard
Henry Ellenson,2016,18,"PF,C",3.186,0.5,Big
Malik Beasley,2016,19,SG,5.023,3,Guard
Caris LeVert,2016,20,"SG,SF",2.115,3,Wing
DeAndre' Bembry,2016,21,"SF,SG",2.13,0.5,Wing
Malachi Richardson,2016,22,SG,1.353,0.5,Guard
Brice Johnson,2016,25,"SF,PF",3.134,0,Wing
Pascal Siakam,2016,27,"SF,PF",0.963,6,Wing
Skal LabissiÃ¨re,2016,28,"PF,C",1.158,0.5,Big
Dejounte Murray,2016,29,"PG,SG",1.655,6,Guard
Damian Jones,2016,30,C,0.748,0.5,Big
Deyonta Davis,2016,31,C,1.146,0.5,Big
Cheick Diallo,2016,33,"C,PF",2.028,0.5,Big
Tyler Ulis,2016,34,PG,2.276,0.5,Guard
Malcolm Brogdon,2016,36,"PG,SG",2.2,4.5,Guard
Chinanu Onuaku,2016,37,C,3.027,0,Big
Patrick McCaw,2016,38,"SG,SF",2.73,0.5,Wing
Diamond Stone,2016,40,C,2.133,0,Big
Stephen Zimmerman,2016,41,C,2.333,0,Big
Isaiah Whitehead,2016,42,PG,0.874,0,Guard
Demetrius Jackson,2016,45,PG,1.037,0.5,Guard
A.J. Hammons,2016,46,C,0.944,0,Big
Jake Layman,2016,47,SF,1.589,0.5,Wing
Michael Gbinije,2016,49,SG,1.233,0,Guard
Georges Niang,2016,50,"SF,PF",1.278,3,Wing
Ben Bentil,2016,51,"SF,PF",0.943,0,Wing
Joel Bolomboy,2016,52,"SF,PF",2.217,0,Wing
Kay Felder,2016,54,PG,1.912,0,Guard
Marcus Paige,2016,55,PG,2.208,0,Guard
Daniel Hamilton,2016,56,SG,1.296,0,Guard
Abdel Nader,2016,58,SF,1.447,0.5,Wing
Isaiah Cousins,2016,59,"PG,SG",1.974,0,Guard
Tyrone Wallace,2016,60,"SG,PG",0.845,0.5,Guard
Markelle Fultz,2017,1,"PG,SG",4.642,3,Guard
Lonzo Ball,2017,2,PG,5.433,4.5,Guard
Jayson Tatum,2017,3,"SF,PF",4.377,7,Wing
Josh Jackson,2017,4,"SF,SG",2.708,0.5,Wing
De'Aaron Fox,2017,5,PG,2.311,6,Guard
Jonathan Isaac,2017,6,"SF,PF",3.404,3,Wing
Lauri Markkanen,2017,7,"PF,SF",1.77,6,Wing
Dennis Smith Jr.,2017,9,PG,4.033,3,Guard
Zach Collins,2017,10,"C,PF",2.676,3,Big
Malik Monk,2017,11,SG,5.499,4.5,Guard
Luke Kennard,2017,12,SG,2.606,3,Guard
Donovan Mitchell,2017,13,"SG,PG",2.175,7,Guard
Bam Adebayo,2017,14,"C,PF",2.407,7,Big
Justin Jackson,2017,15,"SF,PF",2.805,3,Wing
Justin Patton,2017,16,C,3.085,0.5,Big
D.J. Wilson,2017,17,"SF,PF",1.817,0.5,Wing
T.J. Leaf,2017,18,"SF,PF",2.636,0.5,Wing
John Collins,2017,19,"SF,PF",4.152,4.5,Wing
Harry Giles,2017,20,"C,PF",1.699,3,Big
Jarrett Allen,2017,22,C,2.874,7,Big
OG Anunoby,2017,23,"SF,PF",2.725,4.5,Wing
Tyler Lydon,2017,24,"SF,PF",1.204,0,Wing
Caleb Swanigan,2017,26,"SF,PF",2.524,0.5,Wing
Kyle Kuzma,2017,27,"PF,SF",0.592,3,Wing
Tony Bradley,2017,28,C,1.951,0.5,Big
Derrick White,2017,29,"SG,PG",1.961,6,Guard
Josh Hart,2017,30,"SF,SG",2.047,4.5,Wing
Frank Jackson,2017,31,PG,3.386,0.5,Guard
Davon Reed,2017,32,SG,0.682,0.5,Guard
Wes Iwundu,2017,33,SF,1.352,0.5,Wing
Frank Mason III,2017,34,PG,3.246,0.5,Guard
Ivan Rabb,2017,35,"SF,PF",0.95,0,Wing
Jonah Bolden,2017,36,"C,PF",1.234,0,Big
Semi Ojeleye,2017,37,"SF,PF",2.488,0.5,Wing
Jordan Bell,2017,38,C,2.682,0.5,Big
Jawun Evans,2017,39,PG,2.927,0,Guard
Dwayne Bacon,2017,40,SG,0.596,0.5,Guard
Tyler Dorsey,2017,41,"SG,SF",2.818,0.5,Wing
Thomas Bryant,2017,42,C,2.462,3,Big
Damyean Dotson,2017,44,SG,2.34,0.5,Guard
Dillon Brooks,2017,45,"SF,SG",2.915,4.5,Wing
Sterling Brown,2017,46,"SG,SF",2.13,0.5,Wing
Ike Anigbogu,2017,47,C,2.245,0,Big
Sindarius Thornwell,2017,48,"SG,SF",2.003,0.5,Wing
Monte Morris,2017,51,PG,2.176,3,Guard
Edmond Sumner,2017,52,"SG,PG",1.827,0.5,Guard
Kadeem Allen,2017,53,PG,0.879,0.5,Guard
Alec Peters,2017,54,"SF,PF",1.63,0,Wing
Nigel Williams-Goss,2017,55,PG,0.745,0,Guard
Jabari Bird,2017,56,SG,0.78,0,Guard
Jaron Blossomgame,2017,59,SF,1.072,0,Wing
Deandre Ayton,2018,1,C,2.607,4.5,Big
Marvin Bagley III,2018,2,"C,PF",3.247,3,Big
Jaren Jackson Jr.,2018,4,"C,PF",4.265,7,Big
Trae Young,2018,5,PG,5.081,7,Guard
Mo Bamba,2018,6,C,3.07,3,Big
Wendell Carter Jr.,2018,7,"C,PF",3.206,3,Big
Collin Sexton,2018,8,"SG,PG",4.392,3,Guard
Kevin Knox,2018,9,"SF,PF",3.469,0.5,Wing
Mikal Bridges,2018,10,"SF,SG",2.795,4.5,Wing
Shai Gilgeous-Alexander,2018,11,"PG,SG",4.281,7,Guard
Miles Bridges,2018,12,"SF,PF",1.263,4.5,Wing
Jerome Robinson,2018,13,SG,0.687,0.5,Guard
Michael Porter Jr.,2018,14,SF,3.189,4.5,Wing
Troy Brown Jr.,2018,15,SF,3.993,0.5,Wing
Zhaire Smith,2018,16,"SG,SF",3.935,0,Wing
Donte DiVincenzo,2018,17,SG,1.677,3,Guard
Lonnie Walker IV,2018,18,SG,2.45,3,Guard
Kevin Huerter,2018,19,"SG,SF",3.856,4.5,Wing
Josh Okogie,2018,20,SG,3.549,3,Guard
Grayson Allen,2018,21,SG,0.616,3,Guard
Chandler Hutchison,2018,22,SF,1.912,0.5,Wing
Aaron Holiday,2018,23,PG,0.555,0.5,Guard
Moritz Wagner,2018,25,C,1.705,3,Big
Landry Shamet,2018,26,SG,1.205,3,Guard
Robert Williams,2018,27,C,1.718,3,Big
Jacob Evans,2018,28,SG,1.084,0,Guard
Omari Spellman,2018,30,"C,PF",1.161,0,Big
Jevon Carter,2018,32,PG,1.517,0.5,Guard
Jalen Brunson,2018,33,"PG,SG",1.522,7,Guard
Devonte' Graham,2018,34,PG,1.72,3,Guard
Melvin Frazier,2018,35,SG,1.582,0.5,Guard
Gary Trent Jr.,2018,37,"SG,SF",3.386,3,Wing
Khyri Thomas,2018,38,SG,1.493,0.5,Guard
Jarred Vanderbilt,2018,41,"SF,PF",2.349,3,Wing
Bruce Brown,2018,42,SG,1.043,3,Guard
Justin Jackson,2018,43,"SF,PF",1.59,0,Wing
Hamidou Diallo,2018,45,"SF,SG",2.669,0.5,Wing
De'Anthony Melton,2018,46,"PG,SG",2.097,3,Guard
Svi Mykhailiuk,2018,47,SF,2.318,3,Wing
Keita Bates-Diop,2018,48,"SF,PF",0.955,0.5,Wing
Chimezie Metu,2018,49,"C,PF",1.094,0.5,Big
Tony Carr,2018,51,"PG,SG",1.684,0,Guard
Vince Edwards,2018,52,SF,1.687,0,Wing
Devon Hall,2018,53,PG,1.168,0,Guard
Shake Milton,2018,54,SG,0.656,0.5,Guard
Ray Spalding,2018,56,"PF,C",2.301,0,Big
Kevin Hervey,2018,57,"SF,PF",1.883,0,Wing
Thomas Welsh,2018,58,C,1.042,0,Big
George King,2018,59,SF,1.023,0,Wing
Kostas Antetokounmpo,2018,60,"PF,SF",1.527,0.5,Wing
Zion Williamson,2019,1,"SF,PF",3.893,7,Wing
Ja Morant,2019,2,PG,4.685,7,Guard
RJ Barrett,2019,3,"SG,SF",5.145,4.5,Wing
De'Andre Hunter,2019,4,SF,2.632,4.5,Wing
Darius Garland,2019,5,"PG,SG",1.982,6,Guard
Jarrett Culver,2019,6,"SG,SF",3.036,0.5,Wing
Coby White,2019,7,"PG,SG",4.788,4.5,Guard
Jaxson Hayes,2019,8,C,2.801,3,Big
Rui Hachimura,2019,9,"SF,PF",1.874,3,Wing
Cam Reddish,2019,10,SF,3.439,3,Wing
Cameron Johnson,2019,11,"SF,PF",2.105,3,Wing
P.J. Washington,2019,12,"SF,PF",0.923,4.5,Wing
Tyler Herro,2019,13,SG,4.063,6,Guard
Romeo Langford,2019,14,SG,2.859,0.5,Guard
Chuma Okeke,2019,16,"PF,SF",2.346,0.5,Wing
Nickeil Alexander-Walker,2019,17,SG,1.081,3,Guard
Matisse Thybulle,2019,20,"SG,SF",1.859,3,Wing
Brandon Clarke,2019,21,"SF,PF",2.868,0.5,Wing
Grant Williams,2019,22,"SF,PF",2.326,3,Wing
Ty Jerome,2019,24,SG,1.149,3,Guard
Nassir Little,2019,25,"SF,PF",3.21,0.5,Wing
Dylan Windler,2019,26,SF,2.375,0.5,Wing
Mfiondu Kabengele,2019,27,"PF,C",1.077,0.5,Big
Jordan Poole,2019,28,"SG,PG",3.063,4.5,Guard
Keldon Johnson,2019,29,SF,2.38,3,Wing
Kevin Porter Jr.,2019,30,SF,2.235,3,Wing
Nic Claxton,2019,31,C,2.906,4.5,Big
KZ Okpala,2019,32,"SF,PF",2.406,0.5,Wing
Carsen Edwards,2019,33,SG,2.946,0.5,Guard
Bruno Fernando,2019,34,C,1.876,0.5,Big
Cody Martin,2019,36,SF,1.538,3,Wing
Daniel Gafford,2019,38,"C,PF",2.04,3,Big
Justin James,2019,40,SF,2.113,0,Wing
Eric Paschall,2019,41,"SF,PF",1.21,0.5,Wing
Admiral Schofield,2019,42,"PF,SF",1.82,0.5,Wing
Jaylen Nowell,2019,43,SG,3.226,0.5,Guard
Bol Bol,2019,44,"SF,PF,C",2.35,3,Big
Isaiah Roby,2019,45,"SF,PF",0.737,0.5,Wing
Talen Horton-Tucker,2019,46,"SG,PG",1.998,3,Guard
Ignas Brazdeikis,2019,47,SF,1.251,0.5,Wing
Terance Mann,2019,48,"SG,SF",1.851,3,Wing
Quinndary Weatherspoon,2019,49,SG,0.808,0.5,Guard
Jarrell Brantley,2019,50,"SF,PF",0.966,0.5,Wing
Tremont Waters,2019,51,PG,1.474,0.5,Guard
Jalen McDaniels,2019,52,SF,1.354,0.5,Wing
Justin Wright-Foreman,2019,53,PG,2.098,0,Guard
Marial Shayok,2019,54,SG,0.736,0,Guard
Kyle Guy,2019,55,"SG,PG",2.514,0.5,Guard
Jaylen Hands,2019,56,"PG,SG",1.475,0,Guard
Jordan Bone,2019,57,PG,1.732,0,Guard
Miye Oni,2019,58,"SG,SF",1.274,0.5,Wing
Dewan Hernandez,2019,59,C,0.265,0,Big
Anthony Edwards,2020,1,SG,2.061,7,Guard
James Wiseman,2020,2,C,3.069,0.5,Big
Patrick Williams,2020,4,"SF,PF",1.524,3,Wing
Isaac Okoro,2020,5,"SF,SG",2.55,3,Wing
Onyeka Okongwu,2020,6,C,3.052,4.5,Big
Obi Toppin,2020,8,"SF,PF",1.712,3,Wing
Jalen Smith,2020,10,"C,PF",3.808,0.5,Big
Devin Vassell,2020,11,"SG,SF",2.925,4.5,Wing
Tyrese Haliburton,2020,12,"PG,SG",3.901,7,Guard
Kira Lewis Jr.,2020,13,PG,3.252,0.5,Guard
Aaron Nesmith,2020,14,SF,2.369,3,Wing
Cole Anthony,2020,15,PG,2.164,3,Guard
Isaiah Stewart,2020,16,"C,PF",4.201,3,Big
Josh Green,2020,18,SG,1.711,3,Guard
Saddiq Bey,2020,19,SF,2.36,3,Wing
Precious Achiuwa,2020,20,"C,PF",2.046,3,Big
Tyrese Maxey,2020,21,"PG,SG",2.011,7,Guard
Zeke Nnaji,2020,22,"SF,PF",3.969,3,Wing
Immanuel Quickley,2020,25,"PG,SG",0.962,3,Guard
Payton Pritchard,2020,26,"PG,SG",2.609,3,Guard
Udoka Azubuike,2020,27,C,2.644,0.5,Big
Jaden McDaniels,2020,28,"PF,SF",3.153,4.5,Wing
Malachi Flynn,2020,29,PG,0.887,0.5,Guard
Desmond Bane,2020,30,SG,1.276,6,Guard
Tyrell Terry,2020,31,PG,4.124,0,Guard
Vernon Carey Jr.,2020,32,C,2.521,0.5,Big
Daniel Oturu,2020,33,C,2.193,0,Big
Xavier Tillman Sr.,2020,35,"C,PF",1.999,3,Big
Tyler Bey,2020,36,SF,0.626,0,Wing
Saben Lee,2020,38,PG,1.111,0.5,Guard
Elijah Hughes,2020,39,"SG,SF",2.684,0,Wing
Robert Woodard II,2020,40,SF,1.071,0,Wing
Tre Jones,2020,41,PG,0.933,3,Guard
Nick Richards,2020,42,"C,PF",0.896,3,Big
Jahmi'us Ramsey,2020,43,SG,2.003,0.5,Guard
Jordan Nwora,2020,45,SF,1.081,0.5,Wing
CJ Elleby,2020,46,SF,3.904,0,Wing
Nico Mannion,2020,48,PG,2.348,0,Guard
Isaiah Joe,2020,49,SG,1.805,3,Guard
Skylar Mays,2020,50,"SG,PG",0.461,0.5,Guard
Justinian Jessup,2020,51,SG,1.251,0,Guard
Cassius Winston,2020,53,PG,2.236,0,Guard
Cassius Stanley,2020,54,SG,1.207,0,Guard
Grant Riller,2020,56,PG,0.428,0,Guard
Reggie Perry,2020,57,"SF,PF",1.787,0,Wing
Paul Reed,2020,58,"C,PF",1.339,3,Big
Jalen Harris,2020,59,SG,0.444,0,Guard
Sam Merrill,2020,60,SG,0.747,3,Guard
Cade Cunningham,2021,1,"PG,SG",4.286,7,Guard
Evan Mobley,2021,3,"PF,C",3.586,7,Big
Scottie Barnes,2021,4,"SG,SF,PF",3.374,7,Wing
Jalen Suggs,2021,5,"SG,PG",3.178,4.5,Guard
Franz Wagner,2021,8,SF,3.723,6,Wing
Davion Mitchell,2021,9,PG,0.911,3,Guard
Ziaire Williams,2021,10,SF,4.18,3,Wing
James Bouknight,2021,11,SG,1.451,0.5,Guard
Joshua Primo,2021,12,"SG,SF",2.047,0.5,Wing
Chris Duarte,2021,13,"SF,SG",2.595,0.5,Wing
Moses Moody,2021,14,SG,3.978,3,Guard
Corey Kispert,2021,15,SF,2.674,3,Wing
Trey Murphy III,2021,17,SF,1.828,4.5,Wing
Tre Mann,2021,18,PG,1.99,3,Guard
Kai Jones,2021,19,C,1.957,0.5,Big
Jalen Johnson,2021,20,"SF,PF",4.562,6,Wing
Keon Johnson,2021,21,SG,1.726,3,Guard
Isaiah Jackson,2021,22,C,2.998,0.5,Big
Josh Christopher,2021,24,SG,2.974,0.5,Guard
Quentin Grimes,2021,25,SG,1.046,4.5,Guard
Bones Hyland,2021,26,"PG,SG",1.969,3,Guard
Cam Thomas,2021,27,SG,4.418,3,Guard
Jaden Springer,2021,28,"SG,PG",1.934,0.5,Guard
Day'Ron Sharpe,2021,29,"C,PF",1.785,3,Big
Santi Aldama,2021,30,"SF,PF",1.579,3,Wing
Jeremiah Robinson-Earl,2021,32,"PF,C",2.813,0.5,Big
Jason Preston,2021,33,PG,1.292,0,Guard
Herbert Jones,2021,35,"SF,PF",1.486,4.5,Wing
Miles McBride,2021,36,PG,2.739,3,Guard
JT Thor,2021,37,"SF,PF",2.371,0.5,Wing
Ayo Dosunmu,2021,38,SG,1.375,3,Guard
Neemias Queta,2021,39,C,3.453,0.5,Big
Jared Butler,2021,40,"PG,SG",2.396,0.5,Guard
Joe Wieskamp,2021,41,"SF,SG",1.184,0,Wing
Isaiah Livers,2021,42,"PF,SF",1.682,0.5,Wing
Greg Brown III,2021,43,"PF,SF",3.288,0.5,Wing
Kessler Edwards,2021,44,SF,0.926,0.5,Wing
Dalano Banton,2021,46,PG,1.805,0.5,Guard
David Johnson,2021,47,"PG,SG",1.722,0,Guard
Sharife Cooper,2021,48,PG,3.405,0,Guard
Marcus Zegarowski,2021,49,PG,0.708,0,Guard
Filip PetruÅ¡ev,2021,50,C,0.995,0,Big
Brandon Boston Jr.,2021,51,"SG,SF",2.709,3,Wing
Luka Garza,2021,52,C,0.84,0.5,Big
Charles Bassey,2021,53,C,3.048,0.5,Big
Sandro Mamukelashvili,2021,54,"C,PF",1.96,0.5,Big
Aaron Wiggins,2021,55,SG,1.222,3,Guard
Scottie Lewis,2021,56,SG,1.271,0,Guard
BalÅ¡a Koprivica,2021,57,C,0.887,0,Big
Jericho Sims,2021,58,"C,PF",1.664,0.5,Big
RaiQuan Gray,2021,59,"SF,PF",0.967,0,Wing
Paolo Banchero,2022,1,"SF,PF",4.972,,Wing
Chet Holmgren,2022,2,"C,PF",5.158,,Big
Jabari Smith Jr.,2022,3,"SF,PF",4.936,,Wing
Keegan Murray,2022,4,"SF,PF",2.502,,Wing
Jaden Ivey,2022,5,SG,2.324,,Guard
Bennedict Mathurin,2022,6,"SF,SG",4.186,,Wing
Jeremy Sochan,2022,9,"SF,PF",3.679,,Wing
Johnny Davis,2022,10,SG,3.092,,Guard
Jalen Williams,2022,12,"SG,PF",2.054,,Wing
Jalen Duren,2022,13,C,2.557,,Big
Ochai Agbaji,2022,14,SG,2.969,,Guard
Mark Williams,2022,15,C,2.021,,Big
AJ Griffin,2022,16,"SF,PF",2.518,,Wing
Tari Eason,2022,17,"SF,PF",1.605,,Wing
Dalen Terry,2022,18,SG,2.902,,Guard
Jake LaRavia,2022,19,PF,2.891,,Big
Malaki Branham,2022,20,"SG,PG",4.036,,Guard
Christian Braun,2022,21,SG,2.216,,Guard
Walker Kessler,2022,22,C,2.86,,Big
David Roddy,2022,23,"SF,PF",1.72,,Wing
Blake Wesley,2022,25,SG,2.475,,Guard
Wendell Moore Jr.,2022,26,SG,1.332,,Guard
Patrick Baldwin Jr.,2022,28,SF,3.012,,Wing
TyTy Washington Jr.,2022,29,PG,1.01,,Guard
Peyton Watson,2022,30,"SF,SG",2.297,,Wing
Andrew Nembhard,2022,31,"SG,PG",1.453,,Guard
Caleb Houstan,2022,32,"SF,PF",2.116,,Wing
Christian Koloko,2022,33,C,1.346,,Big
Jaylin Williams,2022,34,"C,PF",3.675,,Big
Max Christie,2022,35,SG,2.323,,Guard
Kennedy Chandler,2022,38,PG,2.064,,Guard
Bryce McGowens,2022,40,SG,3.186,,Guard
E.J. Liddell,2022,41,"SF,PF",1.404,,Wing
Trevor Keels,2022,42,SG,2.655,,Guard
Moussa DiabatÃ©,2022,43,C,1.108,,Big
Ryan Rollins,2022,44,PG,3.315,,Guard
Josh Minott,2022,45,SF,3.433,,Wing
Vince Williams Jr.,2022,47,SG,0.611,,Guard
Kendall Brown,2022,48,SG,2.722,,Guard
Isaiah Mobley,2022,49,PF,0.995,,Big
Tyrese Martin,2022,51,SG,0.57,,Guard
JD Davison,2022,53,"SG,PG",2.178,,Guard
Jabari Walker,2022,57,SF,3.152,,Wing
Brandon Miller,2023,2,SF,1.686,,Wing
Anthony Black,2023,6,PG,2.572,,Guard
Jarace Walker,2023,8,"SF,PF",3.442,,Wing
Taylor Hendricks,2023,9,PF,3.869,,Big
Cason Wallace,2023,10,SG,1.904,,Guard
Jett Howard,2023,11,SF,3.535,,Wing
Dereck Lively II,2023,12,C,3.667,,Big
Gradey Dick,2023,13,SG,4.251,,Guard
Jordan Hawkins,2023,14,SG,2.324,,Guard
Kobe Bufkin,2023,15,SG,2.738,,Guard
Keyonte George,2023,16,"PG,SG",2.564,,Guard
Jalen Hood-Schifino,2023,17,SG,2.203,,Guard
Jaime Jaquez Jr.,2023,18,SF,1.83,,Wing
Brandin Podziemski,2023,19,SG,3.593,,Guard
Cam Whitmore,2023,20,SF,2.567,,Wing
Noah Clowney,2023,21,PF,2.831,,Big
Dariq Whitehead,2023,22,SF,1.906,,Wing
Kris Murray,2023,23,SF,0.872,,Wing
Olivier-Maxence Prosper,2023,24,"SF,PF",1.303,,Wing
Marcus Sasser,2023,25,PG,0.773,,Guard
Ben Sheppard,2023,26,SG,0.514,,Guard
Nick Smith Jr.,2023,27,SG,2.55,,Guard
Brice Sensabaugh,2023,28,SF,3.227,,Wing
Julian Strawther,2023,29,"SF,SG",1.229,,Wing
Kobe Brown,2023,30,"SF,PF",1.162,,Wing
Jalen Pickett,2023,32,SG,0.902,,Guard
Colby Jones,2023,34,SG,1.076,,Guard
Julian Phillips,2023,35,SF,2.326,,Wing
Andre Jackson Jr.,2023,36,SG,2.287,,Guard
Hunter Tyson,2023,37,"SF,PF",1.214,,Wing
Jordan Walsh,2023,38,"SF,PF",1.702,,Wing
Mouhamed Gueye,2023,39,PF,1.911,,Big
Maxwell Lewis,2023,40,SF,1.673,,Wing
Amari Bailey,2023,41,PG,2.764,,Guard
GG Jackson II,2023,45,"SF,PF",2.883,,Wing
Seth Lundy,2023,46,SF,0.934,,Wing
Jordan Miller,2023,48,SF,1.855,,Wing
Emoni Bates,2023,49,SF,3.371,,Wing
Keyontae Johnson,2023,50,SF,0.9,,Wing
Jalen Wilson,2023,51,"SF,PF",0.96,,Wing
Toumani Camara,2023,52,"SF,PF",0.52,,Wing
Jaylen Clark,2023,53,SG,1.225,,Guard
Jalen Slawson,2023,54,SF,1.323,,Wing
Isaiah Wong,2023,55,SG,0.439,,Guard
Trayce Jackson-Davis,2023,57,"PF,C",1.468,,Big
Chris Livingston,2023,58,SF,1.482,,Wing
Reed Sheppard,2024,3,"PG,SG",5.246,,Guard
Stephon Castle,2024,4,PG,2.828,,Guard
Donovan Clingan,2024,7,C,2.517,,Big
Rob Dillingham,2024,8,PG,5.331,,Guard
Zach Edey,2024,9,C,2.207,,Big
Cody Williams,2024,10,SG,2.782,,Guard
Devin Carter,2024,13,PG,0.59,,Guard
Bub Carrington,2024,14,PG,2.398,,Guard
Kel'el Ware,2024,15,C,2.923,,Big
Jared McCain,2024,16,"SG,PG",3.541,,Guard
Dalton Knecht,2024,17,SF,3.34,,Wing
Tristan Da Silva,2024,18,SF,1.395,,Wing
Ja'Kobe Walter,2024,19,SG,2.011,,Guard
Jaylon Tyson,2024,20,SG,0.34,,Guard
Yves Missi,2024,21,C,1.976,,Big
DaRon Holmes,2024,22,PF,1.789,,Big
Kyshawn George,2024,24,SG,1.844,,Guard
Dillon Jones,2024,26,SF,1.815,,Wing
Terrence Shannon Jr.,2024,27,SG,2.691,,Guard
Ryan Dunn,2024,28,SF,1.045,,Wing
Isaiah Collier,2024,29,PG,2.426,,Guard
Baylor Scheierman,2024,30,SG,0.932,,Guard
Jonathan Mogbo,2024,31,"SF,PF",2.121,,Wing
Kyle Filipowski,2024,32,C,2.799,,Big
Tyler Kolek,2024,34,PG,1.396,,Guard
Johnny Furphy,2024,35,SG,2.783,,Guard
Bobi Klintman,2024,37,SF,0.964,,Wing
Ajay Mitchell,2024,38,SG,1.452,,Guard
Jaylen Wells,2024,39,"SG,SF",2.041,,Wing
Oso Ighodaro,2024,40,PF,1.394,,Big
Adem Bona,2024,41,"C,PF",1.712,,Big
KJ Simpson,2024,42,PG,0.567,,Guard
Pelle Larsson,2024,44,SG,0.892,,Guard
Jamal Shead,2024,45,PG,1.859,,Guard
Cam Christie,2024,46,SG,2.735,,Guard
Antonio Reeves,2024,47,SG,0.843,,Guard
Harrison Ingram,2024,48,"SF,PF",1.584,,Wing
Tristen Newton,2024,49,SG,0.832,,Guard
Enrique Freeman,2024,50,"SF,PF",1.709,,Wing
Quinten Post,2024,52,PF,1.149,,Big
Cam Spencer,2024,53,SG,1.449,,Guard
Anton Watson,2024,54,SF,1.404,,Wing
Bronny James,2024,55,SG,2.869,,Guard
Kevin McCullar Jr.,2024,56,SF,1.638,,Wing
Cooper Flagg,2025,1,"SF,PF",4.947,,Wing
Dylan Harper,2025,2,"PG,SG",5.006,,Guard
VJ Edgecombe,2025,3,SG,3.925,,Guard
Kon Knueppel,2025,4,"SG,SF",4.407,,Wing
Ace Bailey,2025,5,SF,3.297,,Wing
Tre Johnson,2025,6,SG,4.468,,Guard
Jeremiah Fears,2025,7,PG,3.109,,Guard
Egor Demin,2025,8,"PG,SG",2.84,,Guard
Collin Murray-Boyles,2025,9,"SF,PF",3.733,,Wing
Khaman Maluach,2025,10,C,3.097,,Big
Cedric Coward,2025,11,"SG,SF",1.867,,Wing
Derik Queen,2025,13,C,3.243,,Big
Carter Bryant,2025,14,"SF,PF",2.953,,Wing
Thomas Sorber,2025,15,"PF,C",3.049,,Big
Walter Clayton,2025,18,PG,2.329,,Guard
Kasparas Jakucionis,2025,20,"PG,SG",2.346,,Guard
Will Riley,2025,21,"SG,SF",4.018,,Wing
Drake Powell,2025,22,SG,3.01,,Guard
Asa Newell,2025,23,PF,2.709,,Big
Nique Clifford,2025,24,"SG,SF",1.792,,Wing
Jase Richardson,2025,25,"SG,PG",5.173,,Guard
Danny Wolf,2025,27,"PF,C",1.489,,Big
Liam McNeeley,2025,29,SF,3.193,,Wing
Yanic Konan Niederhauser,2025,30,C,1.187,,Big
Rasheer Fleming,2025,31,"SF,PF",0.943,,Wing
Sion James,2025,33,SF,2.272,,Wing
Ryan Kalkbrenner,2025,34,C,2.068,,Big
Johni Broome,2025,35,"PF,C",2.395,,Big
Adou Thiero,2025,36,"SF,PF",1.284,,Wing
Chaz Lanier,2025,37,SG,2.658,,Guard
Kam Jones,2025,38,"PG,SG",2.236,,Guard
Alijah Martin,2025,39,SG,2.185,,Guard
Micah Peavy,2025,40,"SG,SF",1.623,,Wing
Koby Brea,2025,41,SG,2.723,,Guard
Maxime Raynaud,2025,42,C,1.144,,Big
Jamir Watkins,2025,43,"SG,SF",1.609,,Wing
Brooks Barnhizer,2025,44,SF,1.42,,Wing
Amari Williams,2025,46,C,1.282,,Big
Javon Small,2025,48,PG,1.594,,Guard
Tyrese Proctor,2025,49,PG,1.743,,Guard
Kobe Sanders,2025,50,SG,0.529,,Guard
John Tonje,2025,53,SG,3.166,,Guard
Taelon Peter,2025,54,SG,1.62,,Guard
Will Richard,2025,56,SG,2.212,,Guard
Max Shulga,2025,57,"PG,SG",0.732,,Guard
Jahmai Mashack,2025,59,SG,1.848,,Guard
